{"model_type": "xgboost", "opt_type": 0, "learner": {"attributes": {}, "feature_names": [], "feature_types": [], "gradient_booster": {"model": {"gbtree_model_param": {"num_parallel_tree": "1", "num_trees": "5"}, "iteration_indptr": [0, 5], "tree_info": [0, 1, 2, 3, 4], "trees": [{"base_weights": [-0.03025423, -0.033082902, 0.022548938, -0.011414889, -0.03991349, 0.017885972, 0.078842305, -0.02555113, 0.004413079, -0.04296567, -0.020425113, -0.008873789, 0.023475574, 0.034998596, 0.08598199, -0.010432871, -0.006062395, -0.0070694503, 0.003926242, -0.0137118595, -0.0101714535, -0.007885617, -0.004218645, -0.007432402, 9.7114054e-05, 0.0034306778, 0.010586347, -0.0020543912, 0.013677744, 0.018070662, 0.029145973], "categories": [], "categories_nodes": [], "categories_segments": [], "categories_sizes": [], "default_left": [0, 0, 0, 0, 0, 0, 0, 0, 0, 0, 0, 0, 0, 0, 0, 0, 0, 0, 0, 0, 0, 0, 0, 0, 0, 0, 0, 0, 0, 0, 0], "id": 0, "left_children": [1, 3, 5, 7, 9, 11, 13, 15, 17, 19, 21, 23, 25, 27, 29, -1, -1, -1, -1, -1, -1, -1, -1, -1, -1, -1, -1, -1, -1, -1, -1], "loss_changes": [71.66611, 67.4028, 6.4026566, 24.42332, 20.595154, 3.3704648, 0.5811062, 2.8413773, 12.498188, 7.432251, 1.748024, 0.5694994, 2.6504211, 0.116904765, 0.45549107, 0.0, 0.0, 0.0, 0.0, 0.0, 0.0, 0.0, 0.0, 0.0, 0.0, 0.0, 0.0, 0.0, 0.0, 0.0, 0.0], "parents": [2147483647, 0, 0, 1, 1, 2, 2, 3, 3, 4, 4, 5, 5, 6, 6, 7, 7, 8, 8, 9, 9, 10, 10, 11, 11, 12, 12, 13, 13, 14, 14], "right_children": [2, 4, 6, 8, 10, 12, 14, 16, 18, 20, 22, 24, 26, 28, 30, -1, -1, -1, -1, -1, -1, -1, -1, -1, -1, -1, -1, -1, -1, -1, -1], "split_conditions": [1994.072, 7459681000000.0, 3323.721, 277.23083, 1759.8953, 28351608000000.0, 4618.0566, 214.52322, 5077499000000.0, 12.5, 2195.289, 3787.5872, 1662.7273, 27692567000000.0, 2256.2266, -0.010432871, -0.006062395, -0.0070694503, 0.003926242, -0.0137118595, -0.0101714535, -0.007885617, -0.004218645, -0.007432402, 9.7114054e-05, 0.0034306778, 0.010586347, -0.0020543912, 0.013677744, 0.018070662, 0.029145973], "split_indices": [6, 1, 6, 5, 7, 1, 7, 5, 1, 4, 7, 9, 5, 1, 5, 0, 0, 0, 0, 0, 0, 0, 0, 0, 0, 0, 0, 0, 0, 0, 0], "split_type": [0, 0, 0, 0, 0, 0, 0, 0, 0, 0, 0, 0, 0, 0, 0, 0, 0, 0, 0, 0, 0, 0, 0, 0, 0, 0, 0, 0, 0, 0, 0], "sum_hessian": [479806.0, 455410.0, 24396.0, 109154.0, 346256.0, 22531.0, 1865.0, 57658.0, 51496.0, 299369.0, 46887.0, 3893.0, 18638.0, 262.0, 1603.0, 21145.0, 36513.0, 12187.0, 39309.0, 229846.0, 69523.0, 24406.0, 22481.0, 1426.0, 2467.0, 9231.0, 9407.0, 53.0, 209.0, 487.0, 1116.0], "tree_param": {"num_deleted": "0", "num_feature": "10", "num_nodes": "31", "size_leaf_vector": "1"}}, {"base_weights": [-0.015258731, -0.01987367, 0.058904596, 0.013546811, -0.030523313, 0.052260146, 0.15274987, -0.0026267017, 0.04252015, -0.034998376, -0.0023017135, 0.028046912, 0.06572511, 0.0908405, 0.16249683, -0.004683166, 0.0029495086, -0.0007556887, 0.01786768, -0.0118569145, -0.0060841604, -0.0035141676, 0.0019088901, 0.0045760632, 0.010848049, 0.008234573, 0.022368975, 0.03440507, 0.02103529, 0.032241937, 0.051090952], "categories": [], "categories_nodes": [], "categories_segments": [], "categories_sizes": [], "default_left": [0, 0, 0, 0, 0, 0, 0, 0, 0, 0, 0, 0, 0, 0, 0, 0, 0, 0, 0, 0, 0, 0, 0, 0, 0, 0, 0, 0, 0, 0, 0], "id": 1, "left_children": [1, 3, 5, 7, 9, 11, 13, 15, 17, 19, 21, 23, 25, 27, 29, -1, -1, -1, -1, -1, -1, -1, -1, -1, -1, -1, -1, -1, -1, -1, -1], "loss_changes": [164.21951, 160.76778, 17.51876, 51.150223, 43.26123, 8.556778, 1.106411, 11.331622, 30.009018, 19.688385, 3.8236291, 0.97336483, 5.7046204, 0.1179533, 0.67066574, 0.0, 0.0, 0.0, 0.0, 0.0, 0.0, 0.0, 0.0, 0.0, 0.0, 0.0, 0.0, 0.0, 0.0, 0.0, 0.0], "parents": [2147483647, 0, 0, 1, 1, 2, 2, 3, 3, 4, 4, 5, 5, 6, 6, 7, 7, 8, 8, 9, 9, 10, 10, 11, 11, 12, 12, 13, 13, 14, 14], "right_children": [2, 4, 6, 8, 10, 12, 14, 16, 18, 20, 22, 24, 26, 28, 30, -1, -1, -1, -1, -1, -1, -1, -1, -1, -1, -1, -1, -1, -1, -1, -1], "split_conditions": [2593.1316, 7459681000000.0, 4618.0566, 451.74838, 2127.2625, 2189.5723, 3323.721, 368.98773, 5077499000000.0, 12.5, 2609.0837, 31360549000000.0, 29152800000000.0, 35610794000000.0, 29897410000000.0, -0.004683166, 0.0029495086, -0.0007556887, 0.01786768, -0.0118569145, -0.0060841604, -0.0035141676, 0.0019088901, 0.0045760632, 0.010848049, 0.008234573, 0.022368975, 0.03440507, 0.02103529, 0.032241937, 0.051090952], "split_indices": [7, 1, 7, 6, 8, 6, 6, 6, 1, 4, 8, 1, 1, 1, 1, 0, 0, 0, 0, 0, 0, 0, 0, 0, 0, 0, 0, 0, 0, 0, 0], "split_type": [0, 0, 0, 0, 0, 0, 0, 0, 0, 0, 0, 0, 0, 0, 0, 0, 0, 0, 0, 0, 0, 0, 0, 0, 0, 0, 0, 0, 0, 0, 0], "sum_hessian": [479806.0, 451699.0, 28107.0, 109154.0, 342545.0, 26250.0, 1857.0, 70051.0, 39103.0, 295662.0, 46883.0, 9382.0, 16868.0, 254.0, 1603.0, 34302.0, 35749.0, 10733.0, 28370.0, 226139.0, 69523.0, 22472.0, 24411.0, 3642.0, 5740.0, 3165.0, 13703.0, 116.0, 138.0, 201.0, 1402.0], "tree_param": {"num_deleted": "0", "num_feature": "10", "num_nodes": "31", "size_leaf_vector": "1"}}, {"base_weights": [-0.0001376236, -0.006431484, 0.09424343, 0.03885663, -0.020942865, 0.08594975, 0.21979876, 0.017887516, 0.07642029, -0.026972186, 0.015198462, 0.046853196, 0.10153241, 0.17207928, 0.23014405, -0.00045499264, 0.009600254, 0.0062269736, 0.029243292, -0.010055739, -0.0018077944, 0.0009667585, 0.00873576, 0.0042106253, 0.018659886, 0.024499306, 0.035875443, 0.046975296, 0.058504067, 0.07116895, 0.04735029], "categories": [], "categories_nodes": [], "categories_segments": [], "categories_sizes": [], "default_left": [0, 0, 0, 0, 0, 0, 0, 0, 0, 0, 0, 0, 0, 0, 0, 0, 0, 0, 0, 0, 0, 0, 0, 0, 0, 0, 0, 0, 0, 0, 0], "id": 2, "left_children": [1, 3, 5, 7, 9, 11, 13, 15, 17, 19, 21, 23, 25, 27, 29, -1, -1, -1, -1, -1, -1, -1, -1, -1, -1, -1, -1, -1, -1, -1, -1], "loss_changes": [285.01614, 295.61414, 31.21643, 85.97748, 74.23242, 17.13832, 0.8776398, 19.184296, 45.832977, 40.03636, 8.119869, 4.038788, 7.2062225, 0.08851147, 0.7434082, 0.0, 0.0, 0.0, 0.0, 0.0, 0.0, 0.0, 0.0, 0.0, 0.0, 0.0, 0.0, 0.0, 0.0, 0.0, 0.0], "parents": [2147483647, 0, 0, 1, 1, 2, 2, 3, 3, 4, 4, 5, 5, 6, 6, 7, 7, 8, 8, 9, 9, 10, 10, 11, 11, 12, 12, 13, 13, 14, 14], "right_children": [2, 4, 6, 8, 10, 12, 14, 16, 18, 20, 22, 24, 26, 28, 30, -1, -1, -1, -1, -1, -1, -1, -1, -1, -1, -1, -1, -1, -1, -1, -1], "split_conditions": [2545.8247, 7459681000000.0, 4618.0566, 451.74838, 2472.1255, 30283294000000.0, 31251100000000.0, 357.07254, 5077499000000.0, 12.5, 2609.0837, 3787.5872, 3062.7441, 29897410000000.0, 37590456000000.0, -0.00045499264, 0.009600254, 0.0062269736, 0.029243292, -0.010055739, -0.0018077944, 0.0009667585, 0.00873576, 0.0042106253, 0.018659886, 0.024499306, 0.035875443, 0.046975296, 0.058504067, 0.07116895, 0.04735029], "split_indices": [7, 1, 7, 6, 9, 1, 1, 6, 1, 4, 8, 9, 7, 1, 1, 0, 0, 0, 0, 0, 0, 0, 0, 0, 0, 0, 0, 0, 0, 0, 0], "split_type": [0, 0, 0, 0, 0, 0, 0, 0, 0, 0, 0, 0, 0, 0, 0, 0, 0, 0, 0, 0, 0, 0, 0, 0, 0, 0, 0, 0, 0, 0, 0], "sum_hessian": [479806.0, 449811.0, 29995.0, 109154.0, 340657.0, 28138.0, 1857.0, 70051.0, 39103.0, 291952.0, 48705.0, 8020.0, 20118.0, 334.0, 1523.0, 29497.0, 40554.0, 10733.0, 28370.0, 222429.0, 69523.0, 26182.0, 22523.0, 2556.0, 5464.0, 9580.0, 10538.0, 204.0, 130.0, 1385.0, 138.0], "tree_param": {"num_deleted": "0", "num_feature": "10", "num_nodes": "31", "size_leaf_vector": "1"}}, {"base_weights": [0.015143588, 0.006540197, 0.1166397, 0.064693674, -0.012512902, 0.10838169, 0.27496368, 0.039619833, 0.109610006, -0.018680297, 0.029042533, 0.08185723, 0.13784252, 0.20117329, 0.28394318, 0.0047299117, 0.016838076, 0.014699303, 0.04010632, -0.008194433, 0.0026145307, 0.005192957, 0.0132615045, 0.018389754, 0.029207403, 0.022709811, 0.044876996, 0.02353154, 0.061727785, 0.08661088, 0.06899645], "categories": [], "categories_nodes": [], "categories_segments": [], "categories_sizes": [], "default_left": [0, 0, 0, 0, 0, 0, 0, 0, 0, 0, 0, 0, 0, 0, 0, 0, 0, 0, 0, 0, 0, 0, 0, 0, 0, 0, 0, 0, 0, 0, 0], "id": 3,